{
    "Autofill": [
        {
            "name_first": ["Barbara"],
            "address_home_country": "",
            "address_home_sorting_code": "",
            "address_home_state": "MO",
            "address_home_dependent_locality": "",
            "address_home_city": "Ozak",
            "address_home_language_code": "",
            "name_full": [""],
            "origin": "",
            "name_last": ["Scott"],
            "name_middle": [""],
            "use_count": 16,
            "email_address": ["schmogan@hotmail.com"],
            "company_name": "1968",
            "address_home_line1": "2720 N Shady Cv",
            "address_home_line2": "",
            "guid": "697A9163-80DD-40B0-BF97-7F701B58A4EB",
            "address_home_zip": "65721",
            "address_home_street_address": "2720 N Shady Cv",
            "phone_home_whole_number": ["(417) 379-0750"],
            "use_date": 1501876456
},
        {
            "name_first": [""],
            "address_home_country": "",
            "address_home_sorting_code": "",
            "address_home_state": "Missouri",
            "address_home_dependent_locality": "",
            "address_home_city": "Ozak",
            "address_home_language_code": "",
            "name_full": [""],
            "origin": "",
            "name_last": [""],
            "name_middle": [""],
            "use_count": 1,
            "email_address": [""],
            "company_name": "",
            "address_home_line1": "2720 N Shady Cv",
            "address_home_line2": "",
            "guid": "2a196fae-517c-433f-849a-d34c2b065777",
            "address_home_zip": "65721",
            "address_home_street_address": "2720 N Shady Cv",
            "phone_home_whole_number": [""],
            "use_date": 1492699516
},
        {
            "name_first": [""],
            "address_home_country": "US",
            "address_home_sorting_code": "",
            "address_home_state": "MO",
            "address_home_dependent_locality": "",
            "address_home_city": "Ozark",
            "address_home_language_code": "",
            "name_full": [""],
            "origin": "",
            "name_last": [""],
            "name_middle": [""],
            "use_count": 7,
            "email_address": [""],
            "company_name": "",
            "address_home_line1": "1103 E Summerhill St",
            "address_home_line2": "",
            "guid": "b219f609-df1f-43b5-9793-59a455638ff1",
            "address_home_zip": "65721",
            "address_home_street_address": "1103 E Summerhill St",
            "phone_home_whole_number": ["(417) 379-0750"],
            "use_date": 1503028940
}
    ]
}