{
    "Search Engines": [
        {
            "suggestions_url": "",
            "favicon_url": "http://www.foodnetwork.com/favicon.ico",
            "safe_for_autoreplace": true,
            "date_created": 13038347650053514,
            "url": "http://www.foodnetwork.com/search/search-results.html?searchTerm\u003d{searchTerms}\u0026form\u003dglobal\u0026_charset_\u003dUTF-8",
            "instant_url": "",
            "originating_url": "",
            "search_terms_replacement_key": "",
            "deprecated_show_in_default_list": false,
            "sync_guid": "97996528-EBF4-4D2B-A994-DD109CDCF579",
            "short_name": "foodnetwork.com",
            "keyword": "foodnetwork.com",
            "input_encodings": "UTF-8",
            "prepopulate_id": 0,
            "last_modified": 13038347650053514
},
        {
            "suggestions_url": "",
            "favicon_url": "",
            "safe_for_autoreplace": true,
            "date_created": 13047521091782490,
            "url": "http://search.suddenlink.net/search.php?search\u003d{searchTerms}\u0026src\u003dnavclient",
            "instant_url": "",
            "originating_url": "http://search.suddenlink.net/add_search.php",
            "search_terms_replacement_key": "",
            "deprecated_show_in_default_list": false,
            "sync_guid": "894AD316-C023-4013-9E5D-FF1E2B2A2B18",
            "short_name": "Suddenlink",
            "keyword": "house-of-travel.com",
            "input_encodings": "UTF-8",
            "prepopulate_id": 0,
            "last_modified": 13047521091782490
},
        {
            "suggestions_url": "",
            "favicon_url": "",
            "safe_for_autoreplace": true,
            "date_created": 13141073784000000,
            "url": "https://twitter.com/search?q\u003d{searchTerms}",
            "new_tab_url": "",
            "originating_url": "https://twitter.com/opensearch.xml",
            "sync_guid": "a06d2e24-ba95-41b2-8d95-4259283b3ebc",
            "short_name": "Twitter",
            "keyword": "twitter.com",
            "input_encodings": "UTF-8",
            "prepopulate_id": 0,
            "last_modified": 13141073784000000
},
        {
            "suggestions_url": "",
            "favicon_url": "http://www.goodreads.com/favicon.ico",
            "safe_for_autoreplace": true,
            "date_created": 13147497602000000,
            "url": "http://www.goodreads.com/search/search?search_type\u003dbooks\u0026search[query]\u003d{searchTerms}",
            "new_tab_url": "",
            "originating_url": "https://www.goodreads.com/opensearch.xml",
            "sync_guid": "06bcd7c4-0a18-4eaf-a937-b2ebbd71fc54",
            "short_name": "Goodreads",
            "keyword": "shelfari.com",
            "input_encodings": "UTF-8",
            "prepopulate_id": 0,
            "last_modified": 13147497602000000
},
        {
            "suggestions_url": "",
            "favicon_url": "",
            "safe_for_autoreplace": true,
            "date_created": 13152848865000000,
            "url": "https://drive.google.com/drive/search?q\u003d{searchTerms}",
            "new_tab_url": "",
            "originating_url": "https://drive.google.com/opensearch.xml",
            "sync_guid": "68c287b9-f105-4952-aa9f-61dde2b4f04b",
            "short_name": "Google Drive",
            "keyword": "drive.google.com",
            "input_encodings": "UTF-8",
            "prepopulate_id": 0,
            "last_modified": 13152848865000000
},
        {
            "suggestions_url": "https://www.facebook.com/search/opensearch/suggestions/?q\u003d{searchTerms}",
            "favicon_url": "https://www.facebook.com/favicon.ico",
            "safe_for_autoreplace": true,
            "date_created": 13128664058000000,
            "url": "https://www.facebook.com/search/top/?q\u003d{searchTerms}\u0026opensearch\u003d1",
            "new_tab_url": "",
            "originating_url": "https://www.facebook.com/osd.xml",
            "sync_guid": "a757f195-52e0-4d85-b66a-3d50fb82ba0b",
            "short_name": "Facebook",
            "keyword": "facebook.com",
            "input_encodings": "UTF-8",
            "prepopulate_id": 0,
            "last_modified": 13128664058000000
},
        {
            "suggestions_url": "",
            "favicon_url": "https://www.amazon.com/favicon.ico",
            "safe_for_autoreplace": true,
            "date_created": 13155006765000000,
            "url": "https://www.amazon.com/s/ref\u003dnb_sb_noss_1?url\u003dsearch-alias%3Daps\u0026field-keywords\u003d{searchTerms}",
            "new_tab_url": "",
            "originating_url": "",
            "sync_guid": "d6bf5649-9180-4828-ac29-081e21206fae",
            "short_name": "amazon.com",
            "keyword": "amazon.com",
            "input_encodings": "UTF-8",
            "prepopulate_id": 0,
            "last_modified": 13155006765000000
},
        {
            "suggestions_url": "",
            "favicon_url": "http://www.pinterest.com/favicon.ico",
            "safe_for_autoreplace": true,
            "date_created": 13147401977000000,
            "url": "http://www.pinterest.com/search/pins/?q\u003d{searchTerms}",
            "new_tab_url": "",
            "originating_url": "https://www.pinterest.com/opensearch.xml",
            "sync_guid": "9BB92807-70E8-4CF3-B7FF-16727207F267",
            "short_name": "Pinterest",
            "keyword": "pinterest.com",
            "input_encodings": "UTF-8",
            "prepopulate_id": 0,
            "last_modified": 13147401977000000
},
        {
            "suggestions_url": "https://www.bing.com/osjson.aspx?query\u003d{searchTerms}\u0026language\u003d{language}\u0026PC\u003dU316",
            "image_url_post_params": "imgurl\u003d{google:imageURL}",
            "favicon_url": "https://www.bing.com/s/a/bing_p.ico",
            "safe_for_autoreplace": true,
            "date_created": 0,
            "image_url": "https://www.bing.com/images/detail/search?iss\u003dsbi\u0026FORM\u003dCHROMI#enterInsights",
            "url": "https://www.bing.com/search?q\u003d{searchTerms}\u0026PC\u003dU316\u0026FORM\u003dCHROMN",
            "new_tab_url": "https://www.bing.com/chrome/newtab",
            "originating_url": "",
            "sync_guid": "A0922167-4356-482D-A950-AF3A0F98607B",
            "short_name": "Bing",
            "keyword": "bing.com",
            "input_encodings": "UTF-8",
            "prepopulate_id": 3,
            "last_modified": 13158642649000000
},
        {
            "suggestions_url": "https://search.yahoo.com/sugg/chrome?output\u003dfxjson\u0026appid\u003dcrmas\u0026command\u003d{searchTerms}",
            "favicon_url": "https://search.yahoo.com/favicon.ico",
            "safe_for_autoreplace": true,
            "date_created": 0,
            "url": "https://search.yahoo.com/search?ei\u003d{inputEncoding}\u0026fr\u003dcrmas\u0026p\u003d{searchTerms}",
            "new_tab_url": "",
            "originating_url": "",
            "sync_guid": "04410F95-E2C6-492D-B680-6A00652E12B1",
            "short_name": "Yahoo!",
            "keyword": "yahoo.com",
            "input_encodings": "UTF-8",
            "prepopulate_id": 2,
            "last_modified": 13158642649000000
},
        {
            "suggestions_url": "",
            "favicon_url": "http://www.acx.com/favicon.ico",
            "safe_for_autoreplace": true,
            "date_created": 13147491429000000,
            "url": "http://www.acx.com/as?keyword\u003d{searchTerms}",
            "new_tab_url": "",
            "originating_url": "",
            "sync_guid": "a37f3929-1605-41e1-8b31-26ed8c0431c9",
            "short_name": "acx.com",
            "keyword": "acx.com",
            "input_encodings": "UTF-8",
            "prepopulate_id": 0,
            "last_modified": 13147491429000000
},
        {
            "suggestions_url": "",
            "favicon_url": "https://www.ebay.com/favicon.ico",
            "safe_for_autoreplace": true,
            "date_created": 13149042338000000,
            "url": "https://www.ebay.com/sch/i.html?_from\u003dR40\u0026_trksid\u003dp2380057.m570.l1313.TR0.TRC2.A0.H0.Xspank+spoon+pedals.TRS2\u0026_nkw\u003d{searchTerms}\u0026_sacat\u003d0",
            "new_tab_url": "",
            "originating_url": "",
            "sync_guid": "e28bff13-5e7e-41a6-b2a5-e51123aa6580",
            "short_name": "ebay.com",
            "keyword": "ebay.com",
            "input_encodings": "UTF-8",
            "prepopulate_id": 0,
            "last_modified": 13149042338000000
},
        {
            "suggestions_url": "http://ss.ask.com/query?q\u003d{searchTerms}\u0026li\u003dff",
            "favicon_url": "http://sp.ask.com/sh/i/a16/favicon/favicon.ico",
            "safe_for_autoreplace": true,
            "date_created": 0,
            "url": "http://www.ask.com/web?q\u003d{searchTerms}",
            "new_tab_url": "",
            "originating_url": "",
            "sync_guid": "EB6BB9D0-1149-4E76-A650-B325B7AF418D",
            "short_name": "Ask",
            "keyword": "ask.com",
            "input_encodings": "UTF-8",
            "prepopulate_id": 4,
            "last_modified": 13158642649000000
},
        {
            "suggestions_url": "",
            "favicon_url": "http://www.kongregate.com/images/search_favicon.ico",
            "safe_for_autoreplace": true,
            "date_created": 13155540399000000,
            "url": "http://www.kongregate.com/search?q\u003d{searchTerms}",
            "new_tab_url": "",
            "originating_url": "https://www.kongregate.com/opensearch_desc.xml",
            "sync_guid": "161fff6e-9fb4-4383-8a90-21c600830382",
            "short_name": "Kongregate",
            "keyword": "kongregate.com",
            "input_encodings": "",
            "prepopulate_id": 0,
            "last_modified": 13155540399000000
},
        {
            "suggestions_url": "https://autosuggest.search.aol.com/autocomplete/get?output\u003djson\u0026it\u003d\u0026q\u003d{searchTerms}",
            "favicon_url": "https://search.aol.com/favicon.ico",
            "safe_for_autoreplace": true,
            "date_created": 0,
            "url": "https://search.aol.com/aol/search?q\u003d{searchTerms}",
            "new_tab_url": "",
            "originating_url": "",
            "sync_guid": "60CF74D7-AA38-4D1C-9F95-F5BDC5B27FBD",
            "short_name": "AOL",
            "keyword": "aol.com",
            "input_encodings": "UTF-8",
            "prepopulate_id": 35,
            "last_modified": 13158642649000000
},
        {
            "suggestions_url": "",
            "favicon_url": "https://www.youtube.com/favicon.ico",
            "safe_for_autoreplace": true,
            "date_created": 13128038983000000,
            "url": "https://www.youtube.com/results?search_query\u003d{searchTerms}\u0026page\u003d{startPage?}\u0026utm_source\u003dopensearch",
            "new_tab_url": "",
            "originating_url": "https://www.youtube.com/opensearch?locale\u003den_US",
            "sync_guid": "BAAFD880-FEED-4DAE-BE18-50336F50860D",
            "short_name": "YouTube Video Search",
            "keyword": "youtube.com",
            "input_encodings": "",
            "prepopulate_id": 0,
            "last_modified": 13128038983000000
},
        {
            "suggestions_url": "{google:baseSuggestURL}search?{google:searchFieldtrialParameter}client\u003d{google:suggestClient}\u0026gs_ri\u003d{google:suggestRid}\u0026xssi\u003dt\u0026q\u003d{searchTerms}\u0026{google:inputType}{google:cursorPosition}{google:currentPageUrl}{google:pageClassification}{google:searchVersion}{google:sessionToken}{google:prefetchQuery}sugkey\u003d{google:suggestAPIKeyParameter}",
            "image_url_post_params": "encoded_image\u003d{google:imageThumbnail},image_url\u003d{google:imageURL},sbisrc\u003d{google:imageSearchSource},original_width\u003d{google:imageOriginalWidth},original_height\u003d{google:imageOriginalHeight}",
            "favicon_url": "https://www.google.com/favicon.ico",
            "safe_for_autoreplace": true,
            "date_created": 0,
            "image_url": "{google:baseURL}searchbyimage/upload",
            "url": "{google:baseURL}search?q\u003d{searchTerms}\u0026{google:RLZ}{google:originalQueryForSuggestion}{google:assistedQueryStats}{google:searchFieldtrialParameter}{google:iOSSearchLanguage}{google:searchClient}{google:sourceId}{google:contextualSearchVersion}ie\u003d{inputEncoding}",
            "new_tab_url": "{google:baseURL}_/chrome/newtab?{google:RLZ}ie\u003d{inputEncoding}",
            "originating_url": "",
            "sync_guid": "65EC9F88-47D6-426E-990F-04A4DBC5BA09",
            "short_name": "Google",
            "keyword": "google.com",
            "input_encodings": "UTF-8",
            "alternate_urls": [
                        "{google:baseURL}#q\u003d{searchTerms}",
                        "{google:baseURL}search#q\u003d{searchTerms}",
                        "{google:baseURL}webhp#q\u003d{searchTerms}",
                        "{google:baseURL}s#q\u003d{searchTerms}",
                        "{google:baseURL}s?q\u003d{searchTerms}"
            ],
            "prepopulate_id": 1,
            "last_modified": 0
}
    ]
}