{
    "Apps": [
        {
            "app_launch_ordinal": "t",
            "extension": {
                        "incognito_enabled": false,
                        "update_url": "http://clients2.google.com/service/update2/crx",
                        "name": "Gmail",
                        "id": "pjkljhegncpnkpknbcohdijeoejaedia",
                        "version": "7",
                        "enabled": true
            },
            "page_ordinal": "n"
},
        {
            "app_launch_ordinal": "yn",
            "extension": {
                        "incognito_enabled": false,
                        "update_url": "http://clients2.google.com/service/update2/crx",
                        "name": "Google Search",
                        "id": "coobgpohoikkiipiblmjeljniedjpjpf",
                        "version": "0.0.0.20",
                        "enabled": true
            },
            "page_ordinal": "n"
},
        {
            "app_launch_ordinal": "z",
            "extension": {
                        "incognito_enabled": false,
                        "remote_install": false,
                        "installed_by_custodian": false,
                        "update_url": "http://clients2.google.com/service/update2/crx",
                        "name": "InstaPinterest",
                        "id": "ahlheacbbhkkdbefgcincdepfngkjokh",
                        "version": "1.1",
                        "enabled": true
            },
            "page_ordinal": "n"
},
        {
            "app_launch_ordinal": "x",
            "extension": {
                        "incognito_enabled": false,
                        "remote_install": false,
                        "disable_reasons": 0,
                        "installed_by_custodian": false,
                        "update_url": "https://clients2.google.com/service/update2/crx",
                        "name": "Quick Note",
                        "id": "mijlebbfndhelmdpmllgcfadlkankhok",
                        "version": "1.6.15",
                        "enabled": true
            },
            "page_ordinal": "n"
},
        {
            "app_launch_ordinal": "y",
            "extension": {
                        "incognito_enabled": false,
                        "remote_install": false,
                        "disable_reasons": 0,
                        "installed_by_custodian": false,
                        "update_url": "http://clients2.google.com/service/update2/crx",
                        "name": "Facebook",
                        "id": "boeajhmfdjldchidhphikilcgdacljfm",
                        "version": "1.0.3",
                        "enabled": true
            },
            "page_ordinal": "n"
},
        {
            "app_launch_ordinal": "wn",
            "extension": {
                        "incognito_enabled": false,
                        "remote_install": false,
                        "disable_reasons": 0,
                        "installed_by_custodian": false,
                        "update_url": "https://clients2.google.com/service/update2/crx",
                        "name": "Outlook.com",
                        "id": "pfpeapihoiogbcmdmnibeplnikfnhoge",
                        "version": "1.0.2",
                        "enabled": true
            },
            "page_ordinal": "n"
},
        {
            "app_launch_ordinal": "q",
            "extension": {
                        "incognito_enabled": true,
                        "remote_install": false,
                        "disable_reasons": 0,
                        "installed_by_custodian": false,
                        "update_url": "",
                        "name": "Chrome",
                        "id": "mgndgikekgjfcpckkfioiadnlibdjbkf",
                        "version": "0.1",
                        "enabled": true
            },
            "page_ordinal": "n"
},
        {
            "app_launch_ordinal": "n",
            "extension": {
                        "incognito_enabled": true,
                        "remote_install": false,
                        "disable_reasons": 0,
                        "installed_by_custodian": false,
                        "update_url": "",
                        "name": "Web Store",
                        "id": "ahfgeienlihckogmohjhadlkjgocpleb",
                        "version": "0.2",
                        "enabled": true
            },
            "page_ordinal": "n"
},
        {
            "app_launch_ordinal": "zs",
            "extension": {
                        "incognito_enabled": false,
                        "remote_install": false,
                        "disable_reasons": 0,
                        "installed_by_custodian": false,
                        "update_url": "https://clients2.google.com/service/update2/crx",
                        "name": "Murder Files",
                        "id": "ijfecbiladpinddbjfodaaiahggomhaf",
                        "version": "2.0.27",
                        "enabled": true
            },
            "page_ordinal": "n"
}
    ],
    "App Settings": [],
    "Preferences": [
        {
            "name": "translate_whitelists",
            "value": "{}"
},
        {
            "name": "ntp.app_page_names",
            "value": "[\"Apps\"]"
},
        {
            "name": "profile.avatar_index",
            "value": "0"
},
        {
            "name": "homepage_is_newtabpage",
            "value": "false"
},
        {
            "name": "profile.content_settings.clear_on_exit_migrated",
            "value": "true"
},
        {
            "name": "homepage",
            "value": "\"\""
},
        {
            "name": "profile.name",
            "value": "\"First user\""
},
        {
            "name": "extensions.commands",
            "value": "{}"
},
        {
            "name": "default_search_provider.synced_guid",
            "value": "\"65EC9F88-47D6-426E-990F-04A4DBC5BA09\""
},
        {
            "name": "extensions.sideload_wipeout_bubble_shown",
            "value": "3"
},
        {
            "name": "profile.is_managed",
            "value": "false"
},
        {
            "name": "browser.clear_data.time_period",
            "value": "4"
},
        {
            "name": "browser.show_home_button",
            "value": "true"
},
        {
            "name": "profile.managed_user_id",
            "value": "\"\""
},
        {
            "name": "session.urls_to_restore_on_startup",
            "value": "[\"http://www.google.com/\"]"
},
        {
            "name": "session.restore_on_startup",
            "value": "4"
},
        {
            "name": "extensions.toolbar",
            "value": "[\"gpdjojdkbbmdfjfahjcgigfpmkopogic\"]"
},
        {
            "name": "translate_denied_count",
            "value": "{\"es\":1}"
},
        {
            "name": "intl.accept_languages",
            "value": "\"en-US,en\""
},
        {
            "name": "session.startup_urls",
            "value": "[\"http://www.google.com/\"]"
},
        {
            "name": "profile.content_settings.pattern_pairs",
            "value": "{\"[*.]www.houzz.com,*\":{\"fullscreen\":1},\"[*.]www.youtube.com,*\":{\"fullscreen\":1}}"
},
        {
            "name": "bookmark_bar.show_on_all_tabs",
            "value": "true"
},
        {
            "name": "autofill.profile_use_dates_fixed",
            "value": "true"
},
        {
            "name": "autofill.last_version_deduped",
            "value": "55"
},
        {
            "name": "search.contextual_search_enabled",
            "value": "\"true\""
},
        {
            "name": "browser.clear_data.preferences_migrated_to_basic",
            "value": "true"
},
        {
            "name": "browser.clear_data.time_period_basic",
            "value": "4"
},
        {
            "name": "media_router.firstrunflow.acknowledged",
            "value": "true"
},
        {
            "name": "profile.content_settings.exceptions.automatic_downloads",
            "value": "{}"
},
        {
            "name": "profile.content_settings.exceptions.javascript",
            "value": "{}"
},
        {
            "name": "profile.content_settings.exceptions.midi_sysex",
            "value": "{}"
},
        {
            "name": "browser.back_shortcut_bubble_shown_count",
            "value": "1"
},
        {
            "name": "profile.content_settings.exceptions.cookies",
            "value": "{}"
},
        {
            "name": "profile.content_settings.exceptions.images",
            "value": "{}"
},
        {
            "name": "profile.content_settings.exceptions.plugins",
            "value": "{\"http://deadzed2.net:80,*\":{\"setting\":1},\"http://poki.com:80,*\":{\"setting\":1},\"http://www.addictinggames.com:80,*\":{\"last_modified\":\"0\",\"setting\":1},\"http://www.aq.com:80,*\":{\"setting\":1},\"http://www.crazygames.com:80,*\":{\"last_modified\":\"0\",\"setting\":1},\"http://www.crazymonkeygames.com:80,*\":{\"last_modified\":\"0\",\"setting\":1},\"http://www.flipline.com:80,*\":{\"last_modified\":\"0\",\"setting\":1},\"http://www.primarygames.com:80,*\":{\"last_modified\":\"0\",\"setting\":1},\"http://www.whiteenamel.com:80,*\":{\"last_modified\":\"0\",\"setting\":1},\"https://www.kongregate.com:443,*\":{\"last_modified\":\"0\",\"setting\":1}}"
},
        {
            "name": "profile.content_settings.exceptions.popups",
            "value": "{}"
},
        {
            "name": "browser.clear_data.cache",
            "value": "false"
},
        {
            "name": "browser.clear_data.cookies",
            "value": "false"
},
        {
            "name": "browser.clear_data.browsing_history",
            "value": "false"
},
        {
            "name": "browser.clear_data.browsing_history_basic",
            "value": "true"
},
        {
            "name": "net.network_prediction_options",
            "value": "2"
},
        {
            "name": "browser.clear_data.cache_basic",
            "value": "true"
},
        {
            "name": "browser.clear_data.cookies_basic",
            "value": "false"
},
        {
            "name": "search.suggest_enabled",
            "value": "false"
},
        {
            "name": "alternate_error_pages.enabled",
            "value": "true"
},
        {
            "name": "translate_accepted_count",
            "value": "{}"
},
        {
            "name": "translate_ignored_count_for_language",
            "value": "{}"
},
        {
            "name": "translate_blocked_languages",
            "value": "[]"
},
        {
            "name": "translate_denied_count_for_language",
            "value": "{}"
}
    ],
    "Themes": [
        {
            "use_system_theme_by_default": false,
            "use_custom_theme": false
}
    ],
    "Managed Users": []
}